{
  "project_info": {
    "project_number": "275728668912",
    "firebase_url": "https://wave2test-5a528.firebaseio.com",
    "project_id": "wave2test-5a528",
    "storage_bucket": "wave2test-5a528.appspot.com"
  },
  "client": [
    {
      "client_info": {
        "mobilesdk_app_id": "1:275728668912:android:0090f86913e268054f0a35",
        "android_client_info": {
          "package_name": "com.wave.dev"
        }
      },
      "oauth_client": [
        {
          "client_id": "275728668912-os5dkc45a83erdh9n5meumafv8u2i31p.apps.googleusercontent.com",
          "client_type": 3
        }
      ],
      "api_key": [
        {
          "current_key": "AIzaSyAPAsKoTJ7okdauS_GZZmI5Q4dvl1czcUE"
        }
      ],
      "services": {
        "appinvite_service": {
          "other_platform_oauth_client": [
            {
              "client_id": "275728668912-os5dkc45a83erdh9n5meumafv8u2i31p.apps.googleusercontent.com",
              "client_type": 3
            }
          ]
        }
      }
    }
  ],
  "configuration_version": "1"
}