{
   "NeedHelp": [
      
      { "ID": "1",
          "question":"How to add scrips to watch list",
         "answer": "On the watch list page action menu is provided consisting “Add scrip” button.On clicking “Add scrip” button, search page will open Write your scrip name/symbol in the search box. As the you type the scrips letters, matching the letters, scrips will be listed with symbol, price, and exchange Every scrips name will have a plus   icon on the right corner. Click on icon to add to add the scrip in the watch list. User can add multiple scrips at a time. You can see the count of number of scrips selected below besides the done button.Click on done button to add the selected scrips in the watchlist. An acknowledgement in the form of toast message appears with text “Scrip(s) added” after clicking done button.Only 50 scrips allowed in one watchlist. when you will try to add more scrips system will display error message of “Only 50 scrip allowed in each watch list”",
         "queButton": "Add scrips to the watchlist",
         "page" : "",
         "url": "/watchlist",
         "video": "",
         "remark" : ""
      },
      { "ID": "2",
         "question": "How to trade",
         "answer": "You can initiate the trade, on clicking trade button from any page (Watch list, search, recommendation etc.) You can click any of the product type to place order. Click on buy or sell button. Select order type. Enter the price and quantity (For market order you need not to enter the price) Select the validity from the drop down Click on place order button. On clicking place order button, a confirmation page will display On clicking confirm order button, your order will be placed.You can check your placed order status in order tab. If your order is pending it will display in open tab and if it is completed it will display in completed tab.",
         "queButton": "Trade",
         "page" : "",
         "url": "/watchlist",
         "video": "",
         "remark" : ""
      },
      {  "ID": "3",
         "question": "How to transfer funds",
         "answer": "You need to click on Funds button from market watch page (which is given on the top of the watch list page) or from hamburger menu. On clicking funds button, a new page “Available funds” will open. On Available funds page click on add fund button, a new page of add fund will open. On the add fund page you need to enter the amount you wish to add in your trading account After entering amount, you need to select mode of payment. Our trading platform support following mode of payment •UPI •Debit Card •Net Banking After selecting mode of payment, you need to click on Add fund button If you are adding fund via net banking, then you will redirect to your linked bank with trading account After adding the fund success message “Funds added successfully “will display.",
         "queButton": "Transfer fund",
         "page" : "",
         "url": "/fundstransfer",
         "video": "",
         "remark" : ""
      },
      { "ID": "4",
         "question": "How to withdraw funds",
         "answer": "You need to click on Funds button from market watch (on the top watch list page) or from hamburger menu. On clicking funds button, a new page “Available funds” will open. In Available funds page click on “withdraw fund” button, a new page of withdraw fund will open. You need to enter the amount you wish to withdraw from your trading account After entering the amount, click on “request for withdrawal” button and a success message “Request submitted” will appear.It takes minimum one working day for request to be processed",
         "queButton": "Withdraw fund",
         "page" : "",
         "url": "/fundswithdraw",
         "video": "",
         "remark" : ""
      },
      { "ID": "5",
         "question": "How to Change Mpin",
         "answer": "You will find change MPIN option in hamburger menu setting button. When you click on Change M-Pin, new page will open which will allow you to change earlier set MPIN. In case of change MPIN option you need to enter existing MPIN, new M-Pin & Confirm M-Pin. After entering all the details, Click on submit button, If existing MPIN entered is correct then message will display as “Your M-Pin has been changed successfully” and you will be redirected to login with MPIN screen else, it will display message as “Please enter correct MPIN”.",
         "queButton": "set mpin",
         "page" : "",
         "url": "/setmpin",
         "video": "",
         "remark" : ""
      }
   ]
}