[{"__symbolic":"module","version":4,"metadata":{"PictureInPicture":{"__symbolic":"class","extends":{"__symbolic":"reference","module":"@ionic-native/core","name":"IonicNativePlugin","line":54,"character":38},"decorators":[{"__symbolic":"call","expression":{"__symbolic":"reference","module":"@angular/core","name":"Injectable","line":53,"character":1}}],"members":{"enter":[{"__symbolic":"method"}],"isPip":[{"__symbolic":"method"}],"onPipModeChanged":[{"__symbolic":"method"}],"isPipModeSupported":[{"__symbolic":"method"}]}}}}]
